User name,Viewer count, Started at, Stream duration (h), Stream growth (viewers/h)
TheGrefg,18244,Sat Jan 11 18:16:49 EET 2020,0.922921,19767.675992
WePlayEsport_RU,31122,Sat Jan 11 17:14:10 EET 2020,1.967087,15821.360260
forsen,23591,Sat Jan 11 16:59:39 EET 2020,2.209032,10679.338549
DrLupo,17441,Sat Jan 11 16:11:31 EET 2020,3.011254,5791.938317
WePlayEsport_EN,40549,Sat Jan 11 17:14:15 EET 2020,1.965699,20628.289490
klyytytt,11827,Sat Jan 11 18:10:49 EET 2020,1.023658,11553.659668
Mongraal,14011,Sat Jan 11 18:04:10 EET 2020,1.133754,12358.055193
Castro_1021,20962,Sat Jan 11 18:28:06 EET 2020,0.734865,28524.956388
